density_sample_id,hole_id,dataset_id,project_id,campaign_id,from_m,to_m,length_m,density_t_m3
SE-C01-001-D0001,SE-C01-001,DS05,santa_elena,CAMPAIGN_01,23.526802912,24.526802912,1.000000000,2.700120180
SE-C01-001-D0002,SE-C01-001,DS05,santa_elena,CAMPAIGN_01,48.526802912,49.526802912,1.000000000,2.712930356
SE-C01-001-D0003,SE-C01-001,DS05,santa_elena,CAMPAIGN_01,73.526802912,74.526802912,1.000000000,2.685737381
SE-C01-001-D0004,SE-C01-001,DS05,santa_elena,CAMPAIGN_01,98.526802912,99.526802912,1.000000000,2.748225288
SE-C01-001-D0005,SE-C01-001,DS05,santa_elena,CAMPAIGN_01,123.526802912,124.526802912,1.000000000,2.704358592
SE-C01-001-D0006,SE-C01-001,DS05,santa_elena,CAMPAIGN_01,148.526802912,149.526802912,1.000000000,2.722853498
SE-C01-001-D0007,SE-C01-001,DS05,santa_elena,CAMPAIGN_01,173.526802912,174.526802912,1.000000000,2.718479295
SE-C01-001-D0008,SE-C01-001,DS05,santa_elena,CAMPAIGN_01,198.526802912,199.526802912,1.000000000,2.714036571
SE-C01-002-D0001,SE-C01-002,DS05,santa_elena,CAMPAIGN_01,19.669051796,20.669051796,1.000000000,2.707174306
SE-C01-002-D0002,SE-C01-002,DS05,santa_elena,CAMPAIGN_01,44.669051796,45.669051796,1.000000000,2.722793807
SE-C01-002-D0003,SE-C01-002,DS05,santa_elena,CAMPAIGN_01,69.669051796,70.669051796,1.000000000,2.706857298
SE-C01-002-D0004,SE-C01-002,DS05,santa_elena,CAMPAIGN_01,94.669051796,95.669051796,1.000000000,2.755217187
SE-C01-002-D0005,SE-C01-002,DS05,santa_elena,CAMPAIGN_01,119.669051796,120.669051796,1.000000000,2.682206912
SE-C01-002-D0006,SE-C01-002,DS05,santa_elena,CAMPAIGN_01,144.669051796,145.669051796,1.000000000,2.698511129
SE-C01-002-D0007,SE-C01-002,DS05,santa_elena,CAMPAIGN_01,169.669051796,170.669051796,1.000000000,2.698085246
SE-C01-002-D0008,SE-C01-002,DS05,santa_elena,CAMPAIGN_01,194.669051796,195.669051796,1.000000000,2.715719054
SE-C01-002-D0009,SE-C01-002,DS05,santa_elena,CAMPAIGN_01,219.669051796,220.669051796,1.000000000,2.721196815
SE-C01-003-D0001,SE-C01-003,DS05,santa_elena,CAMPAIGN_01,12.503672836,13.503672836,1.000000000,2.694851296
SE-C01-003-D0002,SE-C01-003,DS05,santa_elena,CAMPAIGN_01,37.503672836,38.503672836,1.000000000,2.734146895
SE-C01-003-D0003,SE-C01-003,DS05,santa_elena,CAMPAIGN_01,62.503672836,63.503672836,1.000000000,2.732195530
SE-C01-003-D0004,SE-C01-003,DS05,santa_elena,CAMPAIGN_01,87.503672836,88.503672836,1.000000000,2.723776029
SE-C01-003-D0005,SE-C01-003,DS05,santa_elena,CAMPAIGN_01,112.503672836,113.503672836,1.000000000,2.723321148
SE-C01-003-D0006,SE-C01-003,DS05,santa_elena,CAMPAIGN_01,137.503672836,138.503672836,1.000000000,2.709226334
SE-C01-003-D0007,SE-C01-003,DS05,santa_elena,CAMPAIGN_01,162.503672836,163.503672836,1.000000000,2.736348156
SE-C01-003-D0008,SE-C01-003,DS05,santa_elena,CAMPAIGN_01,187.503672836,188.503672836,1.000000000,2.713063695
SE-C01-003-D0009,SE-C01-003,DS05,santa_elena,CAMPAIGN_01,212.503672836,213.503672836,1.000000000,2.719172400
SE-C01-003-D0010,SE-C01-003,DS05,santa_elena,CAMPAIGN_01,237.503672836,238.503672836,1.000000000,2.687473250
SE-C01-003-D0011,SE-C01-003,DS05,santa_elena,CAMPAIGN_01,262.503672836,263.503672836,1.000000000,2.728347110
SE-C01-003-D0012,SE-C01-003,DS05,santa_elena,CAMPAIGN_01,287.503672836,288.503672836,1.000000000,2.732318872
SE-C01-003-D0013,SE-C01-003,DS05,santa_elena,CAMPAIGN_01,312.503672836,313.503672836,1.000000000,2.738410643
SE-C01-004-D0001,SE-C01-004,DS05,santa_elena,CAMPAIGN_01,8.869391357,9.869391357,1.000000000,2.597514349
SE-C01-004-D0002,SE-C01-004,DS05,santa_elena,CAMPAIGN_01,33.869391357,34.869391357,1.000000000,2.713006257
SE-C01-004-D0003,SE-C01-004,DS05,santa_elena,CAMPAIGN_01,58.869391357,59.869391357,1.000000000,2.712872756
SE-C01-004-D0004,SE-C01-004,DS05,santa_elena,CAMPAIGN_01,83.869391357,84.869391357,1.000000000,2.722089963
SE-C01-004-D0005,SE-C01-004,DS05,santa_elena,CAMPAIGN_01,108.869391357,109.869391357,1.000000000,2.706401367
SE-C01-004-D0006,SE-C01-004,DS05,santa_elena,CAMPAIGN_01,133.869391357,134.869391357,1.000000000,2.734389598
SE-C01-004-D0007,SE-C01-004,DS05,santa_elena,CAMPAIGN_01,158.869391357,159.869391357,1.000000000,2.725845058
SE-C01-004-D0008,SE-C01-004,DS05,santa_elena,CAMPAIGN_01,183.869391357,184.869391357,1.000000000,2.719961331
SE-C01-004-D0009,SE-C01-004,DS05,santa_elena,CAMPAIGN_01,208.869391357,209.869391357,1.000000000,2.702881083
SE-C01-004-D0010,SE-C01-004,DS05,santa_elena,CAMPAIGN_01,233.869391357,234.869391357,1.000000000,2.747177794
SE-C01-004-D0011,SE-C01-004,DS05,santa_elena,CAMPAIGN_01,258.869391357,259.869391357,1.000000000,2.707370087
SE-C01-004-D0012,SE-C01-004,DS05,santa_elena,CAMPAIGN_01,283.869391357,284.869391357,1.000000000,2.745663118
SE-C01-004-D0013,SE-C01-004,DS05,santa_elena,CAMPAIGN_01,308.869391357,309.869391357,1.000000000,2.715376073
SE-C01-004-D0014,SE-C01-004,DS05,santa_elena,CAMPAIGN_01,333.869391357,334.869391357,1.000000000,2.722927988
SE-C01-004-D0015,SE-C01-004,DS05,santa_elena,CAMPAIGN_01,358.869391357,359.869391357,1.000000000,2.702616423
SE-C01-004-D0016,SE-C01-004,DS05,santa_elena,CAMPAIGN_01,383.869391357,384.869391357,1.000000000,2.733462775
SE-C01-004-D0017,SE-C01-004,DS05,santa_elena,CAMPAIGN_01,408.869391357,409.869391357,1.000000000,2.758317434
SE-C01-004-D0018,SE-C01-004,DS05,santa_elena,CAMPAIGN_01,433.869391357,434.869391357,1.000000000,2.727813990
SE-C01-005-D0001,SE-C01-005,DS05,santa_elena,CAMPAIGN_01,3.369595712,4.369595712,1.000000000,2.210379085
SE-C01-005-D0002,SE-C01-005,DS05,santa_elena,CAMPAIGN_01,28.369595712,29.369595712,1.000000000,2.689270203
SE-C01-005-D0003,SE-C01-005,DS05,santa_elena,CAMPAIGN_01,53.369595712,54.369595712,1.000000000,2.726468797
SE-C01-005-D0004,SE-C01-005,DS05,santa_elena,CAMPAIGN_01,78.369595712,79.369595712,1.000000000,2.696068145
SE-C01-005-D0005,SE-C01-005,DS05,santa_elena,CAMPAIGN_01,103.369595712,104.369595712,1.000000000,2.722271488
SE-C01-005-D0006,SE-C01-005,DS05,santa_elena,CAMPAIGN_01,128.369595712,129.369595712,1.000000000,2.723120970
SE-C01-005-D0007,SE-C01-005,DS05,santa_elena,CAMPAIGN_01,153.369595712,154.369595712,1.000000000,2.746917672
SE-C01-005-D0008,SE-C01-005,DS05,santa_elena,CAMPAIGN_01,178.369595712,179.369595712,1.000000000,2.719257481
SE-C01-005-D0009,SE-C01-005,DS05,santa_elena,CAMPAIGN_01,203.369595712,204.369595712,1.000000000,2.731436087
SE-C01-006-D0001,SE-C01-006,DS05,santa_elena,CAMPAIGN_01,20.575895326,21.575895326,1.000000000,2.638028243
SE-C01-006-D0002,SE-C01-006,DS05,santa_elena,CAMPAIGN_01,45.575895326,46.575895326,1.000000000,2.661824166
SE-C01-006-D0003,SE-C01-006,DS05,santa_elena,CAMPAIGN_01,70.575895326,71.575895326,1.000000000,2.640318549
SE-C01-006-D0004,SE-C01-006,DS05,santa_elena,CAMPAIGN_01,95.575895326,96.575895326,1.000000000,2.639781549
SE-C01-006-D0005,SE-C01-006,DS05,santa_elena,CAMPAIGN_01,120.575895326,121.575895326,1.000000000,2.667672401
SE-C01-006-D0006,SE-C01-006,DS05,santa_elena,CAMPAIGN_01,145.575895326,146.575895326,1.000000000,2.614666184
SE-C01-006-D0007,SE-C01-006,DS05,santa_elena,CAMPAIGN_01,170.575895326,171.575895326,1.000000000,2.632422415
SE-C01-006-D0008,SE-C01-006,DS05,santa_elena,CAMPAIGN_01,195.575895326,196.575895326,1.000000000,2.640949797
SE-C01-007-D0001,SE-C01-007,DS05,santa_elena,CAMPAIGN_01,23.040997357,24.040997357,1.000000000,2.727862873
SE-C01-007-D0002,SE-C01-007,DS05,santa_elena,CAMPAIGN_01,48.040997357,49.040997357,1.000000000,2.642389095
SE-C01-007-D0003,SE-C01-007,DS05,santa_elena,CAMPAIGN_01,73.040997357,74.040997357,1.000000000,2.659430557
SE-C01-007-D0004,SE-C01-007,DS05,santa_elena,CAMPAIGN_01,98.040997357,99.040997357,1.000000000,2.654782285
SE-C01-007-D0005,SE-C01-007,DS05,santa_elena,CAMPAIGN_01,123.040997357,124.040997357,1.000000000,2.694914092
SE-C01-007-D0006,SE-C01-007,DS05,santa_elena,CAMPAIGN_01,148.040997357,149.040997357,1.000000000,2.666171046
SE-C01-007-D0007,SE-C01-007,DS05,santa_elena,CAMPAIGN_01,173.040997357,174.040997357,1.000000000,2.686914252
SE-C01-007-D0008,SE-C01-007,DS05,santa_elena,CAMPAIGN_01,198.040997357,199.040997357,1.000000000,2.680825707
SE-C01-007-D0009,SE-C01-007,DS05,santa_elena,CAMPAIGN_01,223.040997357,224.040997357,1.000000000,2.689048570
SE-C01-007-D0010,SE-C01-007,DS05,santa_elena,CAMPAIGN_01,248.040997357,249.040997357,1.000000000,2.715478486
SE-C01-007-D0011,SE-C01-007,DS05,santa_elena,CAMPAIGN_01,273.040997357,274.040997357,1.000000000,2.663816124
SE-C01-008-D0001,SE-C01-008,DS05,santa_elena,CAMPAIGN_01,3.388313666,4.388313666,1.000000000,2.183611824
SE-C01-008-D0002,SE-C01-008,DS05,santa_elena,CAMPAIGN_01,28.388313666,29.388313666,1.000000000,2.704204330
SE-C01-008-D0003,SE-C01-008,DS05,santa_elena,CAMPAIGN_01,53.388313666,54.388313666,1.000000000,2.740704708
SE-C01-008-D0004,SE-C01-008,DS05,santa_elena,CAMPAIGN_01,78.388313666,79.388313666,1.000000000,2.686346846
SE-C01-008-D0005,SE-C01-008,DS05,santa_elena,CAMPAIGN_01,103.388313666,104.388313666,1.000000000,2.734600352
SE-C01-008-D0006,SE-C01-008,DS05,santa_elena,CAMPAIGN_01,128.388313666,129.388313666,1.000000000,2.714468303
SE-C01-008-D0007,SE-C01-008,DS05,santa_elena,CAMPAIGN_01,153.388313666,154.388313666,1.000000000,2.724851727
SE-C01-008-D0008,SE-C01-008,DS05,santa_elena,CAMPAIGN_01,178.388313666,179.388313666,1.000000000,2.706071143
SE-C01-008-D0009,SE-C01-008,DS05,santa_elena,CAMPAIGN_01,203.388313666,204.388313666,1.000000000,2.704914830
SE-C01-008-D0010,SE-C01-008,DS05,santa_elena,CAMPAIGN_01,228.388313666,229.388313666,1.000000000,2.703459171
SE-C01-008-D0011,SE-C01-008,DS05,santa_elena,CAMPAIGN_01,253.388313666,254.388313666,1.000000000,2.711662160
SE-C01-008-D0012,SE-C01-008,DS05,santa_elena,CAMPAIGN_01,278.388313666,279.388313666,1.000000000,2.720729399
SE-C01-008-D0013,SE-C01-008,DS05,santa_elena,CAMPAIGN_01,303.388313666,304.388313666,1.000000000,2.737907786
SE-C01-008-D0014,SE-C01-008,DS05,santa_elena,CAMPAIGN_01,328.388313666,329.388313666,1.000000000,2.725533674
SE-C01-008-D0015,SE-C01-008,DS05,santa_elena,CAMPAIGN_01,353.388313666,354.388313666,1.000000000,2.732673073
SE-C01-008-D0016,SE-C01-008,DS05,santa_elena,CAMPAIGN_01,378.388313666,379.388313666,1.000000000,2.708505377
SE-C01-008-D0017,SE-C01-008,DS05,santa_elena,CAMPAIGN_01,403.388313666,404.388313666,1.000000000,2.718407215
SE-C01-008-D0018,SE-C01-008,DS05,santa_elena,CAMPAIGN_01,428.388313666,429.388313666,1.000000000,2.713374024
SE-C01-009-D0001,SE-C01-009,DS05,santa_elena,CAMPAIGN_01,23.290105799,24.290105799,1.000000000,2.706826745
SE-C01-009-D0002,SE-C01-009,DS05,santa_elena,CAMPAIGN_01,48.290105799,49.290105799,1.000000000,2.716060344
SE-C01-009-D0003,SE-C01-009,DS05,santa_elena,CAMPAIGN_01,73.290105799,74.290105799,1.000000000,2.717657177
SE-C01-009-D0004,SE-C01-009,DS05,santa_elena,CAMPAIGN_01,98.290105799,99.290105799,1.000000000,2.695897444
SE-C01-009-D0005,SE-C01-009,DS05,santa_elena,CAMPAIGN_01,123.290105799,124.290105799,1.000000000,2.753790065
SE-C01-009-D0006,SE-C01-009,DS05,santa_elena,CAMPAIGN_01,148.290105799,149.290105799,1.000000000,2.696560414
SE-C01-009-D0007,SE-C01-009,DS05,santa_elena,CAMPAIGN_01,173.290105799,174.290105799,1.000000000,2.698695392
SE-C01-009-D0008,SE-C01-009,DS05,santa_elena,CAMPAIGN_01,198.290105799,199.290105799,1.000000000,2.724054449
SE-C01-010-D0001,SE-C01-010,DS05,santa_elena,CAMPAIGN_01,22.696382277,23.696382277,1.000000000,2.655851428
SE-C01-010-D0002,SE-C01-010,DS05,santa_elena,CAMPAIGN_01,47.696382277,48.696382277,1.000000000,2.646213417
SE-C01-010-D0003,SE-C01-010,DS05,santa_elena,CAMPAIGN_01,72.696382277,73.696382277,1.000000000,2.657688980
SE-C01-010-D0004,SE-C01-010,DS05,santa_elena,CAMPAIGN_01,97.696382277,98.696382277,1.000000000,2.645276761
SE-C01-010-D0005,SE-C01-010,DS05,santa_elena,CAMPAIGN_01,122.696382277,123.696382277,1.000000000,2.636022034
SE-C01-010-D0006,SE-C01-010,DS05,santa_elena,CAMPAIGN_01,147.696382277,148.696382277,1.000000000,2.625417158
SE-C01-010-D0007,SE-C01-010,DS05,santa_elena,CAMPAIGN_01,172.696382277,173.696382277,1.000000000,2.651326371
SE-C01-010-D0008,SE-C01-010,DS05,santa_elena,CAMPAIGN_01,197.696382277,198.696382277,1.000000000,2.615704101
SE-C01-011-D0001,SE-C01-011,DS05,santa_elena,CAMPAIGN_01,18.514600877,19.514600877,1.000000000,2.646369610
SE-C01-011-D0002,SE-C01-011,DS05,santa_elena,CAMPAIGN_01,43.514600877,44.514600877,1.000000000,2.676489304
SE-C01-011-D0003,SE-C01-011,DS05,santa_elena,CAMPAIGN_01,68.514600877,69.514600877,1.000000000,2.699487675
SE-C01-011-D0004,SE-C01-011,DS05,santa_elena,CAMPAIGN_01,93.514600877,94.514600877,1.000000000,2.671117151
SE-C01-011-D0005,SE-C01-011,DS05,santa_elena,CAMPAIGN_01,118.514600877,119.514600877,1.000000000,2.683916262
SE-C01-011-D0006,SE-C01-011,DS05,santa_elena,CAMPAIGN_01,143.514600877,144.514600877,1.000000000,2.623976763
SE-C01-011-D0007,SE-C01-011,DS05,santa_elena,CAMPAIGN_01,168.514600877,169.514600877,1.000000000,2.668117641
SE-C01-011-D0008,SE-C01-011,DS05,santa_elena,CAMPAIGN_01,193.514600877,194.514600877,1.000000000,2.654533262
SE-C01-011-D0009,SE-C01-011,DS05,santa_elena,CAMPAIGN_01,218.514600877,219.514600877,1.000000000,2.694422410
SE-C01-011-D0010,SE-C01-011,DS05,santa_elena,CAMPAIGN_01,243.514600877,244.514600877,1.000000000,2.663206138
SE-C01-012-D0001,SE-C01-012,DS05,santa_elena,CAMPAIGN_01,11.009422588,12.009422588,1.000000000,2.768293461
SE-C01-012-D0002,SE-C01-012,DS05,santa_elena,CAMPAIGN_01,36.009422588,37.009422588,1.000000000,2.649207553
SE-C01-012-D0003,SE-C01-012,DS05,santa_elena,CAMPAIGN_01,61.009422588,62.009422588,1.000000000,2.717551180
SE-C01-012-D0004,SE-C01-012,DS05,santa_elena,CAMPAIGN_01,86.009422588,87.009422588,1.000000000,2.736955235
SE-C01-012-D0005,SE-C01-012,DS05,santa_elena,CAMPAIGN_01,111.009422588,112.009422588,1.000000000,2.748531871
SE-C01-012-D0006,SE-C01-012,DS05,santa_elena,CAMPAIGN_01,136.009422588,137.009422588,1.000000000,2.724049164
SE-C01-012-D0007,SE-C01-012,DS05,santa_elena,CAMPAIGN_01,161.009422588,162.009422588,1.000000000,2.727710402
SE-C01-012-D0008,SE-C01-012,DS05,santa_elena,CAMPAIGN_01,186.009422588,187.009422588,1.000000000,2.719861398
SE-C01-012-D0009,SE-C01-012,DS05,santa_elena,CAMPAIGN_01,211.009422588,212.009422588,1.000000000,2.754189633
SE-C01-012-D0010,SE-C01-012,DS05,santa_elena,CAMPAIGN_01,236.009422588,237.009422588,1.000000000,2.683050311
SE-C01-012-D0011,SE-C01-012,DS05,santa_elena,CAMPAIGN_01,261.009422588,262.009422588,1.000000000,2.722777920
SE-C01-012-D0012,SE-C01-012,DS05,santa_elena,CAMPAIGN_01,286.009422588,287.009422588,1.000000000,2.705985839
SE-C01-012-D0013,SE-C01-012,DS05,santa_elena,CAMPAIGN_01,311.009422588,312.009422588,1.000000000,2.718840344
SE-C01-013-D0001,SE-C01-013,DS05,santa_elena,CAMPAIGN_01,16.893195010,17.893195010,1.000000000,2.724222614
SE-C01-013-D0002,SE-C01-013,DS05,santa_elena,CAMPAIGN_01,41.893195010,42.893195010,1.000000000,2.661915749
SE-C01-013-D0003,SE-C01-013,DS05,santa_elena,CAMPAIGN_01,66.893195010,67.893195010,1.000000000,2.730804193
SE-C01-013-D0004,SE-C01-013,DS05,santa_elena,CAMPAIGN_01,91.893195010,92.893195010,1.000000000,2.728708631
SE-C01-013-D0005,SE-C01-013,DS05,santa_elena,CAMPAIGN_01,116.893195010,117.893195010,1.000000000,2.751561383
SE-C01-013-D0006,SE-C01-013,DS05,santa_elena,CAMPAIGN_01,141.893195010,142.893195010,1.000000000,2.718089133
SE-C01-013-D0007,SE-C01-013,DS05,santa_elena,CAMPAIGN_01,166.893195010,167.893195010,1.000000000,2.719967269
SE-C01-013-D0008,SE-C01-013,DS05,santa_elena,CAMPAIGN_01,191.893195010,192.893195010,1.000000000,2.724954595
SE-C01-014-D0001,SE-C01-014,DS05,santa_elena,CAMPAIGN_01,0.421231497,1.421231497,1.000000000,2.164247103
SE-C01-014-D0002,SE-C01-014,DS05,santa_elena,CAMPAIGN_01,25.421231497,26.421231497,1.000000000,2.725464664
SE-C01-014-D0003,SE-C01-014,DS05,santa_elena,CAMPAIGN_01,50.421231497,51.421231497,1.000000000,2.719059165
SE-C01-014-D0004,SE-C01-014,DS05,santa_elena,CAMPAIGN_01,75.421231497,76.421231497,1.000000000,2.716308004
SE-C01-014-D0005,SE-C01-014,DS05,santa_elena,CAMPAIGN_01,100.421231497,101.421231497,1.000000000,2.762036351
SE-C01-014-D0006,SE-C01-014,DS05,santa_elena,CAMPAIGN_01,125.421231497,126.421231497,1.000000000,2.761748884
SE-C01-014-D0007,SE-C01-014,DS05,santa_elena,CAMPAIGN_01,150.421231497,151.421231497,1.000000000,2.743839672
SE-C01-014-D0008,SE-C01-014,DS05,santa_elena,CAMPAIGN_01,175.421231497,176.421231497,1.000000000,2.730555332
SE-C01-014-D0009,SE-C01-014,DS05,santa_elena,CAMPAIGN_01,200.421231497,201.421231497,1.000000000,2.743563490
SE-C01-015-D0001,SE-C01-015,DS05,santa_elena,CAMPAIGN_01,12.488032961,13.488032961,1.000000000,2.710450502
SE-C01-015-D0002,SE-C01-015,DS05,santa_elena,CAMPAIGN_01,37.488032961,38.488032961,1.000000000,2.712761905
SE-C01-015-D0003,SE-C01-015,DS05,santa_elena,CAMPAIGN_01,62.488032961,63.488032961,1.000000000,2.727872941
SE-C01-015-D0004,SE-C01-015,DS05,santa_elena,CAMPAIGN_01,87.488032961,88.488032961,1.000000000,2.720212991
SE-C01-015-D0005,SE-C01-015,DS05,santa_elena,CAMPAIGN_01,112.488032961,113.488032961,1.000000000,2.756784320
SE-C01-015-D0006,SE-C01-015,DS05,santa_elena,CAMPAIGN_01,137.488032961,138.488032961,1.000000000,2.737250799
SE-C01-015-D0007,SE-C01-015,DS05,santa_elena,CAMPAIGN_01,162.488032961,163.488032961,1.000000000,2.722485573
SE-C01-015-D0008,SE-C01-015,DS05,santa_elena,CAMPAIGN_01,187.488032961,188.488032961,1.000000000,2.736407161
SE-C01-015-D0009,SE-C01-015,DS05,santa_elena,CAMPAIGN_01,212.488032961,213.488032961,1.000000000,2.710850089
SE-C01-016-D0001,SE-C01-016,DS05,santa_elena,CAMPAIGN_01,2.736480849,3.736480849,1.000000000,2.200265830
SE-C01-016-D0002,SE-C01-016,DS05,santa_elena,CAMPAIGN_01,27.736480849,28.736480849,1.000000000,2.724216586
SE-C01-016-D0003,SE-C01-016,DS05,santa_elena,CAMPAIGN_01,52.736480849,53.736480849,1.000000000,2.692893999
SE-C01-016-D0004,SE-C01-016,DS05,santa_elena,CAMPAIGN_01,77.736480849,78.736480849,1.000000000,2.716604965
SE-C01-016-D0005,SE-C01-016,DS05,santa_elena,CAMPAIGN_01,102.736480849,103.736480849,1.000000000,2.703644206
SE-C01-016-D0006,SE-C01-016,DS05,santa_elena,CAMPAIGN_01,127.736480849,128.736480849,1.000000000,2.731945028
SE-C01-016-D0007,SE-C01-016,DS05,santa_elena,CAMPAIGN_01,152.736480849,153.736480849,1.000000000,2.710328261
SE-C01-016-D0008,SE-C01-016,DS05,santa_elena,CAMPAIGN_01,177.736480849,178.736480849,1.000000000,2.680039291
SE-C01-016-D0009,SE-C01-016,DS05,santa_elena,CAMPAIGN_01,202.736480849,203.736480849,1.000000000,2.725019192
SE-C01-016-D0010,SE-C01-016,DS05,santa_elena,CAMPAIGN_01,227.736480849,228.736480849,1.000000000,2.708796298
SE-C01-016-D0011,SE-C01-016,DS05,santa_elena,CAMPAIGN_01,252.736480849,253.736480849,1.000000000,2.723871890
SE-C01-016-D0012,SE-C01-016,DS05,santa_elena,CAMPAIGN_01,277.736480849,278.736480849,1.000000000,2.697901971
SE-C01-016-D0013,SE-C01-016,DS05,santa_elena,CAMPAIGN_01,302.736480849,303.736480849,1.000000000,2.722475608
SE-C01-016-D0014,SE-C01-016,DS05,santa_elena,CAMPAIGN_01,327.736480849,328.736480849,1.000000000,2.716009945
SE-C02-001-D0001,SE-C02-001,DS05,santa_elena,CAMPAIGN_02,10.399852839,11.399852839,1.000000000,2.618790430
SE-C02-001-D0002,SE-C02-001,DS05,santa_elena,CAMPAIGN_02,35.399852839,36.399852839,1.000000000,2.631048174
SE-C02-001-D0003,SE-C02-001,DS05,santa_elena,CAMPAIGN_02,60.399852839,61.399852839,1.000000000,2.612139257
SE-C02-001-D0004,SE-C02-001,DS05,santa_elena,CAMPAIGN_02,85.399852839,86.399852839,1.000000000,2.629540000
SE-C02-001-D0005,SE-C02-001,DS05,santa_elena,CAMPAIGN_02,110.399852839,111.399852839,1.000000000,2.657001023
SE-C02-001-D0006,SE-C02-001,DS05,santa_elena,CAMPAIGN_02,135.399852839,136.399852839,1.000000000,2.651170072
SE-C02-001-D0007,SE-C02-001,DS05,santa_elena,CAMPAIGN_02,160.399852839,161.399852839,1.000000000,2.605305750
SE-C02-001-D0008,SE-C02-001,DS05,santa_elena,CAMPAIGN_02,185.399852839,186.399852839,1.000000000,2.629156728
SE-C02-002-D0001,SE-C02-002,DS05,santa_elena,CAMPAIGN_02,4.049024785,5.049024785,1.000000000,2.193640158
SE-C02-002-D0002,SE-C02-002,DS05,santa_elena,CAMPAIGN_02,29.049024785,30.049024785,1.000000000,2.632402118
SE-C02-002-D0003,SE-C02-002,DS05,santa_elena,CAMPAIGN_02,54.049024785,55.049024785,1.000000000,2.655260327
SE-C02-002-D0004,SE-C02-002,DS05,santa_elena,CAMPAIGN_02,79.049024785,80.049024785,1.000000000,2.681147281
SE-C02-002-D0005,SE-C02-002,DS05,santa_elena,CAMPAIGN_02,104.049024785,105.049024785,1.000000000,2.652236088
SE-C02-002-D0006,SE-C02-002,DS05,santa_elena,CAMPAIGN_02,129.049024785,130.049024785,1.000000000,2.636289379
SE-C02-002-D0007,SE-C02-002,DS05,santa_elena,CAMPAIGN_02,154.049024785,155.049024785,1.000000000,2.616297073
SE-C02-002-D0008,SE-C02-002,DS05,santa_elena,CAMPAIGN_02,179.049024785,180.049024785,1.000000000,2.569948099
SE-C02-002-D0009,SE-C02-002,DS05,santa_elena,CAMPAIGN_02,204.049024785,205.049024785,1.000000000,2.610789935
SE-C02-003-D0001,SE-C02-003,DS05,santa_elena,CAMPAIGN_02,14.985679295,15.985679295,1.000000000,2.634482876
SE-C02-003-D0002,SE-C02-003,DS05,santa_elena,CAMPAIGN_02,39.985679295,40.985679295,1.000000000,2.628315976
SE-C02-003-D0003,SE-C02-003,DS05,santa_elena,CAMPAIGN_02,64.985679295,65.985679295,1.000000000,2.649945906
SE-C02-003-D0004,SE-C02-003,DS05,santa_elena,CAMPAIGN_02,89.985679295,90.985679295,1.000000000,2.628815898
SE-C02-003-D0005,SE-C02-003,DS05,santa_elena,CAMPAIGN_02,114.985679295,115.985679295,1.000000000,2.645119755
SE-C02-003-D0006,SE-C02-003,DS05,santa_elena,CAMPAIGN_02,139.985679295,140.985679295,1.000000000,2.622498449
SE-C02-003-D0007,SE-C02-003,DS05,santa_elena,CAMPAIGN_02,164.985679295,165.985679295,1.000000000,2.628302987
SE-C02-003-D0008,SE-C02-003,DS05,santa_elena,CAMPAIGN_02,189.985679295,190.985679295,1.000000000,2.595550277
SE-C02-003-D0009,SE-C02-003,DS05,santa_elena,CAMPAIGN_02,214.985679295,215.985679295,1.000000000,2.558001595
SE-C02-003-D0010,SE-C02-003,DS05,santa_elena,CAMPAIGN_02,239.985679295,240.985679295,1.000000000,2.580755568
SE-C02-003-D0011,SE-C02-003,DS05,santa_elena,CAMPAIGN_02,264.985679295,265.985679295,1.000000000,2.635467013
SE-C02-004-D0001,SE-C02-004,DS05,santa_elena,CAMPAIGN_02,1.001394117,2.001394117,1.000000000,2.185433686
SE-C02-004-D0002,SE-C02-004,DS05,santa_elena,CAMPAIGN_02,26.001394117,27.001394117,1.000000000,2.708330994
SE-C02-004-D0003,SE-C02-004,DS05,santa_elena,CAMPAIGN_02,51.001394117,52.001394117,1.000000000,2.698483051
SE-C02-004-D0004,SE-C02-004,DS05,santa_elena,CAMPAIGN_02,76.001394117,77.001394117,1.000000000,2.745917436
SE-C02-004-D0005,SE-C02-004,DS05,santa_elena,CAMPAIGN_02,101.001394117,102.001394117,1.000000000,2.659729082
SE-C02-004-D0006,SE-C02-004,DS05,santa_elena,CAMPAIGN_02,126.001394117,127.001394117,1.000000000,2.662757851
SE-C02-004-D0007,SE-C02-004,DS05,santa_elena,CAMPAIGN_02,151.001394117,152.001394117,1.000000000,2.685417007
SE-C02-004-D0008,SE-C02-004,DS05,santa_elena,CAMPAIGN_02,176.001394117,177.001394117,1.000000000,2.678644935
SE-C02-004-D0009,SE-C02-004,DS05,santa_elena,CAMPAIGN_02,201.001394117,202.001394117,1.000000000,2.664897484
SE-C02-004-D0010,SE-C02-004,DS05,santa_elena,CAMPAIGN_02,226.001394117,227.001394117,1.000000000,2.668236291
SE-C02-004-D0011,SE-C02-004,DS05,santa_elena,CAMPAIGN_02,251.001394117,252.001394117,1.000000000,2.658234990
SE-C02-004-D0012,SE-C02-004,DS05,santa_elena,CAMPAIGN_02,276.001394117,277.001394117,1.000000000,2.636154781
SE-C02-004-D0013,SE-C02-004,DS05,santa_elena,CAMPAIGN_02,301.001394117,302.001394117,1.000000000,2.676309891
SE-C02-005-D0001,SE-C02-005,DS05,santa_elena,CAMPAIGN_02,18.835611077,19.835611077,1.000000000,2.689898090
SE-C02-005-D0002,SE-C02-005,DS05,santa_elena,CAMPAIGN_02,43.835611077,44.835611077,1.000000000,2.747066451
SE-C02-005-D0003,SE-C02-005,DS05,santa_elena,CAMPAIGN_02,68.835611077,69.835611077,1.000000000,2.730872358
SE-C02-005-D0004,SE-C02-005,DS05,santa_elena,CAMPAIGN_02,93.835611077,94.835611077,1.000000000,2.671565979
SE-C02-005-D0005,SE-C02-005,DS05,santa_elena,CAMPAIGN_02,118.835611077,119.835611077,1.000000000,2.731579603
SE-C02-005-D0006,SE-C02-005,DS05,santa_elena,CAMPAIGN_02,143.835611077,144.835611077,1.000000000,2.700510230
SE-C02-005-D0007,SE-C02-005,DS05,santa_elena,CAMPAIGN_02,168.835611077,169.835611077,1.000000000,2.732976759
SE-C02-005-D0008,SE-C02-005,DS05,santa_elena,CAMPAIGN_02,193.835611077,194.835611077,1.000000000,2.716498475
SE-C02-005-D0009,SE-C02-005,DS05,santa_elena,CAMPAIGN_02,218.835611077,219.835611077,1.000000000,2.707101784
SE-C02-005-D0010,SE-C02-005,DS05,santa_elena,CAMPAIGN_02,243.835611077,244.835611077,1.000000000,2.656790566
SE-C02-005-D0011,SE-C02-005,DS05,santa_elena,CAMPAIGN_02,268.835611077,269.835611077,1.000000000,2.656288369
SE-C02-005-D0012,SE-C02-005,DS05,santa_elena,CAMPAIGN_02,293.835611077,294.835611077,1.000000000,2.680346725
SE-C02-005-D0013,SE-C02-005,DS05,santa_elena,CAMPAIGN_02,318.835611077,319.835611077,1.000000000,2.627946056
SE-C02-005-D0014,SE-C02-005,DS05,santa_elena,CAMPAIGN_02,343.835611077,344.835611077,1.000000000,2.684706267
SE-C02-005-D0015,SE-C02-005,DS05,santa_elena,CAMPAIGN_02,368.835611077,369.835611077,1.000000000,2.689909997
SE-C02-005-D0016,SE-C02-005,DS05,santa_elena,CAMPAIGN_02,393.835611077,394.835611077,1.000000000,2.683954291
SE-C02-005-D0017,SE-C02-005,DS05,santa_elena,CAMPAIGN_02,418.835611077,419.835611077,1.000000000,2.652949303
SE-C02-006-D0001,SE-C02-006,DS05,santa_elena,CAMPAIGN_02,21.408047369,22.408047369,1.000000000,2.625058303
SE-C02-006-D0002,SE-C02-006,DS05,santa_elena,CAMPAIGN_02,46.408047369,47.408047369,1.000000000,2.615755360
SE-C02-006-D0003,SE-C02-006,DS05,santa_elena,CAMPAIGN_02,71.408047369,72.408047369,1.000000000,2.631339633
SE-C02-006-D0004,SE-C02-006,DS05,santa_elena,CAMPAIGN_02,96.408047369,97.408047369,1.000000000,2.619002610
SE-C02-006-D0005,SE-C02-006,DS05,santa_elena,CAMPAIGN_02,121.408047369,122.408047369,1.000000000,2.660560663
SE-C02-006-D0006,SE-C02-006,DS05,santa_elena,CAMPAIGN_02,146.408047369,147.408047369,1.000000000,2.638980682
SE-C02-006-D0007,SE-C02-006,DS05,santa_elena,CAMPAIGN_02,171.408047369,172.408047369,1.000000000,2.671189841
SE-C02-006-D0008,SE-C02-006,DS05,santa_elena,CAMPAIGN_02,196.408047369,197.408047369,1.000000000,2.639968278
SE-C02-007-D0001,SE-C02-007,DS05,santa_elena,CAMPAIGN_02,1.406808505,2.406808505,1.000000000,2.181034462
SE-C02-007-D0002,SE-C02-007,DS05,santa_elena,CAMPAIGN_02,26.406808505,27.406808505,1.000000000,2.667970850
SE-C02-007-D0003,SE-C02-007,DS05,santa_elena,CAMPAIGN_02,51.406808505,52.406808505,1.000000000,2.658775138
SE-C02-007-D0004,SE-C02-007,DS05,santa_elena,CAMPAIGN_02,76.406808505,77.406808505,1.000000000,2.652907962
SE-C02-007-D0005,SE-C02-007,DS05,santa_elena,CAMPAIGN_02,101.406808505,102.406808505,1.000000000,2.650914748
SE-C02-007-D0006,SE-C02-007,DS05,santa_elena,CAMPAIGN_02,126.406808505,127.406808505,1.000000000,2.596518854
SE-C02-007-D0007,SE-C02-007,DS05,santa_elena,CAMPAIGN_02,151.406808505,152.406808505,1.000000000,2.589730995
SE-C02-007-D0008,SE-C02-007,DS05,santa_elena,CAMPAIGN_02,176.406808505,177.406808505,1.000000000,2.544413034
SE-C02-007-D0009,SE-C02-007,DS05,santa_elena,CAMPAIGN_02,201.406808505,202.406808505,1.000000000,2.548357384
SE-C02-008-D0001,SE-C02-008,DS05,santa_elena,CAMPAIGN_02,7.159746055,8.159746055,1.000000000,2.224164075
SE-C02-008-D0002,SE-C02-008,DS05,santa_elena,CAMPAIGN_02,32.159746055,33.159746055,1.000000000,2.694380947
SE-C02-008-D0003,SE-C02-008,DS05,santa_elena,CAMPAIGN_02,57.159746055,58.159746055,1.000000000,2.670079482
SE-C02-008-D0004,SE-C02-008,DS05,santa_elena,CAMPAIGN_02,82.159746055,83.159746055,1.000000000,2.624260559
SE-C02-008-D0005,SE-C02-008,DS05,santa_elena,CAMPAIGN_02,107.159746055,108.159746055,1.000000000,2.701468813
SE-C02-008-D0006,SE-C02-008,DS05,santa_elena,CAMPAIGN_02,132.159746055,133.159746055,1.000000000,2.621542524
SE-C02-008-D0007,SE-C02-008,DS05,santa_elena,CAMPAIGN_02,157.159746055,158.159746055,1.000000000,2.602443688
SE-C02-008-D0008,SE-C02-008,DS05,santa_elena,CAMPAIGN_02,182.159746055,183.159746055,1.000000000,2.639391149
SE-C02-008-D0009,SE-C02-008,DS05,santa_elena,CAMPAIGN_02,207.159746055,208.159746055,1.000000000,2.550523579
SE-C02-008-D0010,SE-C02-008,DS05,santa_elena,CAMPAIGN_02,232.159746055,233.159746055,1.000000000,2.584846634
SE-C02-009-D0001,SE-C02-009,DS05,santa_elena,CAMPAIGN_02,20.893295959,21.893295959,1.000000000,2.723586459
SE-C02-009-D0002,SE-C02-009,DS05,santa_elena,CAMPAIGN_02,45.893295959,46.893295959,1.000000000,2.690977485
SE-C02-009-D0003,SE-C02-009,DS05,santa_elena,CAMPAIGN_02,70.893295959,71.893295959,1.000000000,2.638316717
SE-C02-009-D0004,SE-C02-009,DS05,santa_elena,CAMPAIGN_02,95.893295959,96.893295959,1.000000000,2.674697984
SE-C02-009-D0005,SE-C02-009,DS05,santa_elena,CAMPAIGN_02,120.893295959,121.893295959,1.000000000,2.670189462
SE-C02-009-D0006,SE-C02-009,DS05,santa_elena,CAMPAIGN_02,145.893295959,146.893295959,1.000000000,2.651503048
SE-C02-009-D0007,SE-C02-009,DS05,santa_elena,CAMPAIGN_02,170.893295959,171.893295959,1.000000000,2.693687416
SE-C02-009-D0008,SE-C02-009,DS05,santa_elena,CAMPAIGN_02,195.893295959,196.893295959,1.000000000,2.647181333
SE-C02-009-D0009,SE-C02-009,DS05,santa_elena,CAMPAIGN_02,220.893295959,221.893295959,1.000000000,2.673059882
SE-C02-009-D0010,SE-C02-009,DS05,santa_elena,CAMPAIGN_02,245.893295959,246.893295959,1.000000000,2.680543810
SE-C02-009-D0011,SE-C02-009,DS05,santa_elena,CAMPAIGN_02,270.893295959,271.893295959,1.000000000,2.655723556
SE-C02-010-D0001,SE-C02-010,DS05,santa_elena,CAMPAIGN_02,0.392259697,1.392259697,1.000000000,2.195075807
SE-C02-010-D0002,SE-C02-010,DS05,santa_elena,CAMPAIGN_02,25.392259697,26.392259697,1.000000000,2.710276649
SE-C02-010-D0003,SE-C02-010,DS05,santa_elena,CAMPAIGN_02,50.392259697,51.392259697,1.000000000,2.697570660
SE-C02-010-D0004,SE-C02-010,DS05,santa_elena,CAMPAIGN_02,75.392259697,76.392259697,1.000000000,2.731404266
SE-C02-010-D0005,SE-C02-010,DS05,santa_elena,CAMPAIGN_02,100.392259697,101.392259697,1.000000000,2.728051556
SE-C02-010-D0006,SE-C02-010,DS05,santa_elena,CAMPAIGN_02,125.392259697,126.392259697,1.000000000,2.723226212
SE-C02-010-D0007,SE-C02-010,DS05,santa_elena,CAMPAIGN_02,150.392259697,151.392259697,1.000000000,2.650087900
SE-C02-010-D0008,SE-C02-010,DS05,santa_elena,CAMPAIGN_02,175.392259697,176.392259697,1.000000000,2.658178435
SE-C02-010-D0009,SE-C02-010,DS05,santa_elena,CAMPAIGN_02,200.392259697,201.392259697,1.000000000,2.655725065
SE-C02-010-D0010,SE-C02-010,DS05,santa_elena,CAMPAIGN_02,225.392259697,226.392259697,1.000000000,2.663071863
SE-C02-010-D0011,SE-C02-010,DS05,santa_elena,CAMPAIGN_02,250.392259697,251.392259697,1.000000000,2.610801913
SE-C02-010-D0012,SE-C02-010,DS05,santa_elena,CAMPAIGN_02,275.392259697,276.392259697,1.000000000,2.671189636
SE-C02-010-D0013,SE-C02-010,DS05,santa_elena,CAMPAIGN_02,300.392259697,301.392259697,1.000000000,2.676238115
SE-C02-010-D0014,SE-C02-010,DS05,santa_elena,CAMPAIGN_02,325.392259697,326.392259697,1.000000000,2.659952634
SE-C02-010-D0015,SE-C02-010,DS05,santa_elena,CAMPAIGN_02,350.392259697,351.392259697,1.000000000,2.674906064
SE-C02-011-D0001,SE-C02-011,DS05,santa_elena,CAMPAIGN_02,17.120963549,18.120963549,1.000000000,2.650979292
SE-C02-011-D0002,SE-C02-011,DS05,santa_elena,CAMPAIGN_02,42.120963549,43.120963549,1.000000000,2.640976008
SE-C02-011-D0003,SE-C02-011,DS05,santa_elena,CAMPAIGN_02,67.120963549,68.120963549,1.000000000,2.629384330
SE-C02-011-D0004,SE-C02-011,DS05,santa_elena,CAMPAIGN_02,92.120963549,93.120963549,1.000000000,2.650170398
SE-C02-011-D0005,SE-C02-011,DS05,santa_elena,CAMPAIGN_02,117.120963549,118.120963549,1.000000000,2.622143833
SE-C02-011-D0006,SE-C02-011,DS05,santa_elena,CAMPAIGN_02,142.120963549,143.120963549,1.000000000,2.617460465
SE-C02-011-D0007,SE-C02-011,DS05,santa_elena,CAMPAIGN_02,167.120963549,168.120963549,1.000000000,2.665476209
SE-C02-011-D0008,SE-C02-011,DS05,santa_elena,CAMPAIGN_02,192.120963549,193.120963549,1.000000000,2.656543993
SE-C02-012-D0001,SE-C02-012,DS05,santa_elena,CAMPAIGN_02,13.072241054,14.072241054,1.000000000,2.643247343
SE-C02-012-D0002,SE-C02-012,DS05,santa_elena,CAMPAIGN_02,38.072241054,39.072241054,1.000000000,2.636295630
SE-C02-012-D0003,SE-C02-012,DS05,santa_elena,CAMPAIGN_02,63.072241054,64.072241054,1.000000000,2.624234426
SE-C02-012-D0004,SE-C02-012,DS05,santa_elena,CAMPAIGN_02,88.072241054,89.072241054,1.000000000,2.639272599
SE-C02-012-D0005,SE-C02-012,DS05,santa_elena,CAMPAIGN_02,113.072241054,114.072241054,1.000000000,2.586555263
SE-C02-012-D0006,SE-C02-012,DS05,santa_elena,CAMPAIGN_02,138.072241054,139.072241054,1.000000000,2.618867824
SE-C02-012-D0007,SE-C02-012,DS05,santa_elena,CAMPAIGN_02,163.072241054,164.072241054,1.000000000,2.535879343
SE-C02-012-D0008,SE-C02-012,DS05,santa_elena,CAMPAIGN_02,188.072241054,189.072241054,1.000000000,2.575425079
SE-C02-013-D0001,SE-C02-013,DS05,santa_elena,CAMPAIGN_02,22.836112248,23.836112248,1.000000000,2.677229952
SE-C02-013-D0002,SE-C02-013,DS05,santa_elena,CAMPAIGN_02,47.836112248,48.836112248,1.000000000,2.668874418
SE-C02-013-D0003,SE-C02-013,DS05,santa_elena,CAMPAIGN_02,72.836112248,73.836112248,1.000000000,2.648245933
SE-C02-013-D0004,SE-C02-013,DS05,santa_elena,CAMPAIGN_02,97.836112248,98.836112248,1.000000000,2.637051104
SE-C02-013-D0005,SE-C02-013,DS05,santa_elena,CAMPAIGN_02,122.836112248,123.836112248,1.000000000,2.672983928
SE-C02-013-D0006,SE-C02-013,DS05,santa_elena,CAMPAIGN_02,147.836112248,148.836112248,1.000000000,2.656504904
SE-C02-013-D0007,SE-C02-013,DS05,santa_elena,CAMPAIGN_02,172.836112248,173.836112248,1.000000000,2.628365966
SE-C02-013-D0008,SE-C02-013,DS05,santa_elena,CAMPAIGN_02,197.836112248,198.836112248,1.000000000,2.608593315
SE-C02-013-D0009,SE-C02-013,DS05,santa_elena,CAMPAIGN_02,222.836112248,223.836112248,1.000000000,2.601053348
SE-C02-014-D0001,SE-C02-014,DS05,santa_elena,CAMPAIGN_02,19.254976966,20.254976966,1.000000000,2.681358681
SE-C02-014-D0002,SE-C02-014,DS05,santa_elena,CAMPAIGN_02,44.254976966,45.254976966,1.000000000,2.666645769
SE-C02-014-D0003,SE-C02-014,DS05,santa_elena,CAMPAIGN_02,69.254976966,70.254976966,1.000000000,2.634802817
SE-C02-014-D0004,SE-C02-014,DS05,santa_elena,CAMPAIGN_02,94.254976966,95.254976966,1.000000000,2.666649867
SE-C02-014-D0005,SE-C02-014,DS05,santa_elena,CAMPAIGN_02,119.254976966,120.254976966,1.000000000,2.699233398
SE-C02-014-D0006,SE-C02-014,DS05,santa_elena,CAMPAIGN_02,144.254976966,145.254976966,1.000000000,2.671787172
SE-C02-014-D0007,SE-C02-014,DS05,santa_elena,CAMPAIGN_02,169.254976966,170.254976966,1.000000000,2.663886616
SE-C02-014-D0008,SE-C02-014,DS05,santa_elena,CAMPAIGN_02,194.254976966,195.254976966,1.000000000,2.653109273
SE-C02-014-D0009,SE-C02-014,DS05,santa_elena,CAMPAIGN_02,219.254976966,220.254976966,1.000000000,2.635415371
SE-C02-014-D0010,SE-C02-014,DS05,santa_elena,CAMPAIGN_02,244.254976966,245.254976966,1.000000000,2.692605809
SE-C02-015-D0001,SE-C02-015,DS05,santa_elena,CAMPAIGN_02,6.442484988,7.442484988,1.000000000,2.218101055
SE-C02-015-D0002,SE-C02-015,DS05,santa_elena,CAMPAIGN_02,31.442484988,32.442484988,1.000000000,2.753950382
SE-C02-015-D0003,SE-C02-015,DS05,santa_elena,CAMPAIGN_02,56.442484988,57.442484988,1.000000000,2.697463003
SE-C02-015-D0004,SE-C02-015,DS05,santa_elena,CAMPAIGN_02,81.442484988,82.442484988,1.000000000,2.713134734
SE-C02-015-D0005,SE-C02-015,DS05,santa_elena,CAMPAIGN_02,106.442484988,107.442484988,1.000000000,2.748638312
SE-C02-015-D0006,SE-C02-015,DS05,santa_elena,CAMPAIGN_02,131.442484988,132.442484988,1.000000000,2.666323765
SE-C02-015-D0007,SE-C02-015,DS05,santa_elena,CAMPAIGN_02,156.442484988,157.442484988,1.000000000,2.685992268
SE-C02-015-D0008,SE-C02-015,DS05,santa_elena,CAMPAIGN_02,181.442484988,182.442484988,1.000000000,2.689948482
SE-C02-015-D0009,SE-C02-015,DS05,santa_elena,CAMPAIGN_02,206.442484988,207.442484988,1.000000000,2.691321579
SE-C02-015-D0010,SE-C02-015,DS05,santa_elena,CAMPAIGN_02,231.442484988,232.442484988,1.000000000,2.644785010
SE-C02-015-D0011,SE-C02-015,DS05,santa_elena,CAMPAIGN_02,256.442484988,257.442484988,1.000000000,2.659714422
SE-C02-015-D0012,SE-C02-015,DS05,santa_elena,CAMPAIGN_02,281.442484988,282.442484988,1.000000000,2.642303229
SE-C02-015-D0013,SE-C02-015,DS05,santa_elena,CAMPAIGN_02,306.442484988,307.442484988,1.000000000,2.637171637
SE-C02-016-D0001,SE-C02-016,DS05,santa_elena,CAMPAIGN_02,7.158825180,8.158825180,1.000000000,2.192698622
SE-C02-016-D0002,SE-C02-016,DS05,santa_elena,CAMPAIGN_02,32.158825180,33.158825180,1.000000000,2.622064769
SE-C02-016-D0003,SE-C02-016,DS05,santa_elena,CAMPAIGN_02,57.158825180,58.158825180,1.000000000,2.628860157
SE-C02-016-D0004,SE-C02-016,DS05,santa_elena,CAMPAIGN_02,82.158825180,83.158825180,1.000000000,2.634712034
SE-C02-016-D0005,SE-C02-016,DS05,santa_elena,CAMPAIGN_02,107.158825180,108.158825180,1.000000000,2.638221896
SE-C02-016-D0006,SE-C02-016,DS05,santa_elena,CAMPAIGN_02,132.158825180,133.158825180,1.000000000,2.616898260
SE-C02-016-D0007,SE-C02-016,DS05,santa_elena,CAMPAIGN_02,157.158825180,158.158825180,1.000000000,2.648052603
SE-C02-016-D0008,SE-C02-016,DS05,santa_elena,CAMPAIGN_02,182.158825180,183.158825180,1.000000000,2.651484543
SE-C02-016-D0009,SE-C02-016,DS05,santa_elena,CAMPAIGN_02,207.158825180,208.158825180,1.000000000,2.657047821
SE-C02-017-D0001,SE-C02-017,DS05,santa_elena,CAMPAIGN_02,13.591097650,14.591097650,1.000000000,2.644688945
SE-C02-017-D0002,SE-C02-017,DS05,santa_elena,CAMPAIGN_02,38.591097650,39.591097650,1.000000000,2.648465226
SE-C02-017-D0003,SE-C02-017,DS05,santa_elena,CAMPAIGN_02,63.591097650,64.591097650,1.000000000,2.637689273
SE-C02-017-D0004,SE-C02-017,DS05,santa_elena,CAMPAIGN_02,88.591097650,89.591097650,1.000000000,2.592864639
SE-C02-017-D0005,SE-C02-017,DS05,santa_elena,CAMPAIGN_02,113.591097650,114.591097650,1.000000000,2.581087309
SE-C02-017-D0006,SE-C02-017,DS05,santa_elena,CAMPAIGN_02,138.591097650,139.591097650,1.000000000,2.644943154
SE-C02-017-D0007,SE-C02-017,DS05,santa_elena,CAMPAIGN_02,163.591097650,164.591097650,1.000000000,2.641362554
SE-C02-017-D0008,SE-C02-017,DS05,santa_elena,CAMPAIGN_02,188.591097650,189.591097650,1.000000000,2.605775142
SE-C02-018-D0001,SE-C02-018,DS05,santa_elena,CAMPAIGN_02,21.359997359,22.359997359,1.000000000,2.692117518
SE-C02-018-D0002,SE-C02-018,DS05,santa_elena,CAMPAIGN_02,46.359997359,47.359997359,1.000000000,2.648118758
SE-C02-018-D0003,SE-C02-018,DS05,santa_elena,CAMPAIGN_02,71.359997359,72.359997359,1.000000000,2.692828888
SE-C02-018-D0004,SE-C02-018,DS05,santa_elena,CAMPAIGN_02,96.359997359,97.359997359,1.000000000,2.651030249
SE-C02-018-D0005,SE-C02-018,DS05,santa_elena,CAMPAIGN_02,121.359997359,122.359997359,1.000000000,2.685773034
SE-C02-018-D0006,SE-C02-018,DS05,santa_elena,CAMPAIGN_02,146.359997359,147.359997359,1.000000000,2.636747134
SE-C02-018-D0007,SE-C02-018,DS05,santa_elena,CAMPAIGN_02,171.359997359,172.359997359,1.000000000,2.679125566
SE-C02-018-D0008,SE-C02-018,DS05,santa_elena,CAMPAIGN_02,196.359997359,197.359997359,1.000000000,2.694360953
SE-C02-019-D0001,SE-C02-019,DS05,santa_elena,CAMPAIGN_02,16.138929856,17.138929856,1.000000000,2.697580454
SE-C02-019-D0002,SE-C02-019,DS05,santa_elena,CAMPAIGN_02,41.138929856,42.138929856,1.000000000,2.747747226
SE-C02-019-D0003,SE-C02-019,DS05,santa_elena,CAMPAIGN_02,66.138929856,67.138929856,1.000000000,2.725045168
SE-C02-019-D0004,SE-C02-019,DS05,santa_elena,CAMPAIGN_02,91.138929856,92.138929856,1.000000000,2.699461242
SE-C02-019-D0005,SE-C02-019,DS05,santa_elena,CAMPAIGN_02,116.138929856,117.138929856,1.000000000,2.687561230
SE-C02-019-D0006,SE-C02-019,DS05,santa_elena,CAMPAIGN_02,141.138929856,142.138929856,1.000000000,2.667667140
SE-C02-019-D0007,SE-C02-019,DS05,santa_elena,CAMPAIGN_02,166.138929856,167.138929856,1.000000000,2.688507960
SE-C02-019-D0008,SE-C02-019,DS05,santa_elena,CAMPAIGN_02,191.138929856,192.138929856,1.000000000,2.677181469
SE-C02-019-D0009,SE-C02-019,DS05,santa_elena,CAMPAIGN_02,216.138929856,217.138929856,1.000000000,2.662647468
SE-C02-019-D0010,SE-C02-019,DS05,santa_elena,CAMPAIGN_02,241.138929856,242.138929856,1.000000000,2.651086513
SE-C02-020-D0001,SE-C02-020,DS05,santa_elena,CAMPAIGN_02,21.387502266,22.387502266,1.000000000,2.738444952
SE-C02-020-D0002,SE-C02-020,DS05,santa_elena,CAMPAIGN_02,46.387502266,47.387502266,1.000000000,2.713723829
SE-C02-020-D0003,SE-C02-020,DS05,santa_elena,CAMPAIGN_02,71.387502266,72.387502266,1.000000000,2.734317113
SE-C02-020-D0004,SE-C02-020,DS05,santa_elena,CAMPAIGN_02,96.387502266,97.387502266,1.000000000,2.733003986
SE-C02-020-D0005,SE-C02-020,DS05,santa_elena,CAMPAIGN_02,121.387502266,122.387502266,1.000000000,2.712994095
SE-C02-020-D0006,SE-C02-020,DS05,santa_elena,CAMPAIGN_02,146.387502266,147.387502266,1.000000000,2.719889781
SE-C02-020-D0007,SE-C02-020,DS05,santa_elena,CAMPAIGN_02,171.387502266,172.387502266,1.000000000,2.722641773
SE-C02-020-D0008,SE-C02-020,DS05,santa_elena,CAMPAIGN_02,196.387502266,197.387502266,1.000000000,2.699901485
SE-C02-020-D0009,SE-C02-020,DS05,santa_elena,CAMPAIGN_02,221.387502266,222.387502266,1.000000000,2.644244989
SE-C02-020-D0010,SE-C02-020,DS05,santa_elena,CAMPAIGN_02,246.387502266,247.387502266,1.000000000,2.667873766
SE-C02-020-D0011,SE-C02-020,DS05,santa_elena,CAMPAIGN_02,271.387502266,272.387502266,1.000000000,2.668827165
SE-C02-020-D0012,SE-C02-020,DS05,santa_elena,CAMPAIGN_02,296.387502266,297.387502266,1.000000000,2.652267262
SE-C03-001-D0001,SE-C03-001,DS05,santa_elena,CAMPAIGN_03,21.673548847,22.673548847,1.000000000,2.652922751
SE-C03-001-D0002,SE-C03-001,DS05,santa_elena,CAMPAIGN_03,46.673548847,47.673548847,1.000000000,2.645855003
SE-C03-001-D0003,SE-C03-001,DS05,santa_elena,CAMPAIGN_03,71.673548847,72.673548847,1.000000000,2.671551517
SE-C03-001-D0004,SE-C03-001,DS05,santa_elena,CAMPAIGN_03,96.673548847,97.673548847,1.000000000,2.650006868
SE-C03-001-D0005,SE-C03-001,DS05,santa_elena,CAMPAIGN_03,121.673548847,122.673548847,1.000000000,2.625774635
SE-C03-001-D0006,SE-C03-001,DS05,santa_elena,CAMPAIGN_03,146.673548847,147.673548847,1.000000000,2.667073656
SE-C03-001-D0007,SE-C03-001,DS05,santa_elena,CAMPAIGN_03,171.673548847,172.673548847,1.000000000,2.621266803
SE-C03-001-D0008,SE-C03-001,DS05,santa_elena,CAMPAIGN_03,196.673548847,197.673548847,1.000000000,2.655816205
SE-C03-002-D0001,SE-C03-002,DS05,santa_elena,CAMPAIGN_03,21.570519908,22.570519908,1.000000000,2.661057526
SE-C03-002-D0002,SE-C03-002,DS05,santa_elena,CAMPAIGN_03,46.570519908,47.570519908,1.000000000,2.667066515
SE-C03-002-D0003,SE-C03-002,DS05,santa_elena,CAMPAIGN_03,71.570519908,72.570519908,1.000000000,2.678942812
SE-C03-002-D0004,SE-C03-002,DS05,santa_elena,CAMPAIGN_03,96.570519908,97.570519908,1.000000000,2.665081130
SE-C03-002-D0005,SE-C03-002,DS05,santa_elena,CAMPAIGN_03,121.570519908,122.570519908,1.000000000,2.661956074
SE-C03-002-D0006,SE-C03-002,DS05,santa_elena,CAMPAIGN_03,146.570519908,147.570519908,1.000000000,2.633127734
SE-C03-002-D0007,SE-C03-002,DS05,santa_elena,CAMPAIGN_03,171.570519908,172.570519908,1.000000000,2.641504918
SE-C03-002-D0008,SE-C03-002,DS05,santa_elena,CAMPAIGN_03,196.570519908,197.570519908,1.000000000,2.665455790
SE-C03-003-D0001,SE-C03-003,DS05,santa_elena,CAMPAIGN_03,2.982060064,3.982060064,1.000000000,2.185408328
SE-C03-003-D0002,SE-C03-003,DS05,santa_elena,CAMPAIGN_03,27.982060064,28.982060064,1.000000000,2.662163430
SE-C03-003-D0003,SE-C03-003,DS05,santa_elena,CAMPAIGN_03,52.982060064,53.982060064,1.000000000,2.605873823
SE-C03-003-D0004,SE-C03-003,DS05,santa_elena,CAMPAIGN_03,77.982060064,78.982060064,1.000000000,2.638332876
SE-C03-003-D0005,SE-C03-003,DS05,santa_elena,CAMPAIGN_03,102.982060064,103.982060064,1.000000000,2.650979436
SE-C03-003-D0006,SE-C03-003,DS05,santa_elena,CAMPAIGN_03,127.982060064,128.982060064,1.000000000,2.632030566
SE-C03-003-D0007,SE-C03-003,DS05,santa_elena,CAMPAIGN_03,152.982060064,153.982060064,1.000000000,2.573900440
SE-C03-003-D0008,SE-C03-003,DS05,santa_elena,CAMPAIGN_03,177.982060064,178.982060064,1.000000000,2.549239872
SE-C03-003-D0009,SE-C03-003,DS05,santa_elena,CAMPAIGN_03,202.982060064,203.982060064,1.000000000,2.582357352
SE-C03-003-D0010,SE-C03-003,DS05,santa_elena,CAMPAIGN_03,227.982060064,228.982060064,1.000000000,2.613857470
SE-C03-004-D0001,SE-C03-004,DS05,santa_elena,CAMPAIGN_03,7.860573177,8.860573177,1.000000000,2.148175384
SE-C03-004-D0002,SE-C03-004,DS05,santa_elena,CAMPAIGN_03,32.860573177,33.860573177,1.000000000,2.646042663
SE-C03-004-D0003,SE-C03-004,DS05,santa_elena,CAMPAIGN_03,57.860573177,58.860573177,1.000000000,2.662682213
SE-C03-004-D0004,SE-C03-004,DS05,santa_elena,CAMPAIGN_03,82.860573177,83.860573177,1.000000000,2.629050266
SE-C03-004-D0005,SE-C03-004,DS05,santa_elena,CAMPAIGN_03,107.860573177,108.860573177,1.000000000,2.628351905
SE-C03-004-D0006,SE-C03-004,DS05,santa_elena,CAMPAIGN_03,132.860573177,133.860573177,1.000000000,2.588642834
SE-C03-004-D0007,SE-C03-004,DS05,santa_elena,CAMPAIGN_03,157.860573177,158.860573177,1.000000000,2.602163173
SE-C03-004-D0008,SE-C03-004,DS05,santa_elena,CAMPAIGN_03,182.860573177,183.860573177,1.000000000,2.565224223
SE-C03-004-D0009,SE-C03-004,DS05,santa_elena,CAMPAIGN_03,207.860573177,208.860573177,1.000000000,2.623823685
SE-C03-005-D0001,SE-C03-005,DS05,santa_elena,CAMPAIGN_03,12.852141525,13.852141525,1.000000000,2.722266442
SE-C03-005-D0002,SE-C03-005,DS05,santa_elena,CAMPAIGN_03,37.852141525,38.852141525,1.000000000,2.681923274
SE-C03-005-D0003,SE-C03-005,DS05,santa_elena,CAMPAIGN_03,62.852141525,63.852141525,1.000000000,2.666467358
SE-C03-005-D0004,SE-C03-005,DS05,santa_elena,CAMPAIGN_03,87.852141525,88.852141525,1.000000000,2.696252226
SE-C03-005-D0005,SE-C03-005,DS05,santa_elena,CAMPAIGN_03,112.852141525,113.852141525,1.000000000,2.680837031
SE-C03-005-D0006,SE-C03-005,DS05,santa_elena,CAMPAIGN_03,137.852141525,138.852141525,1.000000000,2.674561259
SE-C03-005-D0007,SE-C03-005,DS05,santa_elena,CAMPAIGN_03,162.852141525,163.852141525,1.000000000,2.678436978
SE-C03-005-D0008,SE-C03-005,DS05,santa_elena,CAMPAIGN_03,187.852141525,188.852141525,1.000000000,2.620006677
SE-C03-005-D0009,SE-C03-005,DS05,santa_elena,CAMPAIGN_03,212.852141525,213.852141525,1.000000000,2.641526650
SE-C03-005-D0010,SE-C03-005,DS05,santa_elena,CAMPAIGN_03,237.852141525,238.852141525,1.000000000,2.619371966
SE-C03-005-D0011,SE-C03-005,DS05,santa_elena,CAMPAIGN_03,262.852141525,263.852141525,1.000000000,2.610614119
SE-C03-006-D0001,SE-C03-006,DS05,santa_elena,CAMPAIGN_03,7.932280561,8.932280561,1.000000000,2.203401432
SE-C03-006-D0002,SE-C03-006,DS05,santa_elena,CAMPAIGN_03,32.932280561,33.932280561,1.000000000,2.658823113
SE-C03-006-D0003,SE-C03-006,DS05,santa_elena,CAMPAIGN_03,57.932280561,58.932280561,1.000000000,2.684969976
SE-C03-006-D0004,SE-C03-006,DS05,santa_elena,CAMPAIGN_03,82.932280561,83.932280561,1.000000000,2.642536360
SE-C03-006-D0005,SE-C03-006,DS05,santa_elena,CAMPAIGN_03,107.932280561,108.932280561,1.000000000,2.698823290
SE-C03-006-D0006,SE-C03-006,DS05,santa_elena,CAMPAIGN_03,132.932280561,133.932280561,1.000000000,2.658445550
SE-C03-006-D0007,SE-C03-006,DS05,santa_elena,CAMPAIGN_03,157.932280561,158.932280561,1.000000000,2.618092050
SE-C03-006-D0008,SE-C03-006,DS05,santa_elena,CAMPAIGN_03,182.932280561,183.932280561,1.000000000,2.630738500
SE-C03-006-D0009,SE-C03-006,DS05,santa_elena,CAMPAIGN_03,207.932280561,208.932280561,1.000000000,2.577602207
SE-C03-006-D0010,SE-C03-006,DS05,santa_elena,CAMPAIGN_03,232.932280561,233.932280561,1.000000000,2.642966837
SE-C03-007-D0001,SE-C03-007,DS05,santa_elena,CAMPAIGN_03,18.154343305,19.154343305,1.000000000,2.705720086
SE-C03-007-D0002,SE-C03-007,DS05,santa_elena,CAMPAIGN_03,43.154343305,44.154343305,1.000000000,2.717802451
SE-C03-007-D0003,SE-C03-007,DS05,santa_elena,CAMPAIGN_03,68.154343305,69.154343305,1.000000000,2.733700810
SE-C03-007-D0004,SE-C03-007,DS05,santa_elena,CAMPAIGN_03,93.154343305,94.154343305,1.000000000,2.636743334
SE-C03-007-D0005,SE-C03-007,DS05,santa_elena,CAMPAIGN_03,118.154343305,119.154343305,1.000000000,2.656990635
SE-C03-007-D0006,SE-C03-007,DS05,santa_elena,CAMPAIGN_03,143.154343305,144.154343305,1.000000000,2.687166551
SE-C03-007-D0007,SE-C03-007,DS05,santa_elena,CAMPAIGN_03,168.154343305,169.154343305,1.000000000,2.672235086
SE-C03-007-D0008,SE-C03-007,DS05,santa_elena,CAMPAIGN_03,193.154343305,194.154343305,1.000000000,2.693686524
SE-C03-007-D0009,SE-C03-007,DS05,santa_elena,CAMPAIGN_03,218.154343305,219.154343305,1.000000000,2.693944701
SE-C03-007-D0010,SE-C03-007,DS05,santa_elena,CAMPAIGN_03,243.154343305,244.154343305,1.000000000,2.642318785
SE-C03-007-D0011,SE-C03-007,DS05,santa_elena,CAMPAIGN_03,268.154343305,269.154343305,1.000000000,2.653099424
SE-C03-007-D0012,SE-C03-007,DS05,santa_elena,CAMPAIGN_03,293.154343305,294.154343305,1.000000000,2.691619099
SE-C03-007-D0013,SE-C03-007,DS05,santa_elena,CAMPAIGN_03,318.154343305,319.154343305,1.000000000,2.726111496
SE-C03-008-D0001,SE-C03-008,DS05,santa_elena,CAMPAIGN_03,1.004746701,2.004746701,1.000000000,2.163972384
SE-C03-008-D0002,SE-C03-008,DS05,santa_elena,CAMPAIGN_03,26.004746701,27.004746701,1.000000000,2.724617794
SE-C03-008-D0003,SE-C03-008,DS05,santa_elena,CAMPAIGN_03,51.004746701,52.004746701,1.000000000,2.657892401
SE-C03-008-D0004,SE-C03-008,DS05,santa_elena,CAMPAIGN_03,76.004746701,77.004746701,1.000000000,2.679669790
SE-C03-008-D0005,SE-C03-008,DS05,santa_elena,CAMPAIGN_03,101.004746701,102.004746701,1.000000000,2.676953341
SE-C03-008-D0006,SE-C03-008,DS05,santa_elena,CAMPAIGN_03,126.004746701,127.004746701,1.000000000,2.664812922
SE-C03-008-D0007,SE-C03-008,DS05,santa_elena,CAMPAIGN_03,151.004746701,152.004746701,1.000000000,2.648832142
SE-C03-008-D0008,SE-C03-008,DS05,santa_elena,CAMPAIGN_03,176.004746701,177.004746701,1.000000000,2.667224540
SE-C03-008-D0009,SE-C03-008,DS05,santa_elena,CAMPAIGN_03,201.004746701,202.004746701,1.000000000,2.662574004
SE-C03-008-D0010,SE-C03-008,DS05,santa_elena,CAMPAIGN_03,226.004746701,227.004746701,1.000000000,2.633379576
SE-C03-008-D0011,SE-C03-008,DS05,santa_elena,CAMPAIGN_03,251.004746701,252.004746701,1.000000000,2.678336617
